[
  {
    "model": "accounts.role",
    "pk": 1,
    "fields": {
      "created_at": "2025-01-01T00:00:00Z",
      "updated_at": "2025-01-01T00:00:00Z"
    }
  },
  {
    "model": "accounts.role",
    "pk": 2,
    "fields": {
      "created_at": "2025-01-01T00:00:00Z",
      "updated_at": "2025-01-01T00:00:00Z"
    }
  },
  {
    "model": "accounts.role",
    "pk": 3,
    "fields": {
      "created_at": "2025-01-01T00:00:00Z",
      "updated_at": "2025-01-01T00:00:00Z"
    }
  },
  {
    "model": "accounts.user",
    "pk": 1,
    "fields": {}
  },
  {
    "model": "accounts.user",
    "pk": 2,
    "fields": {}
  },
  {
    "model": "accounts.user",
    "pk": 3,
    "fields": {}
  }
]